,tf_name,ratedKVA
0,tran_87721,10000.0
1,E72805200039510,15.0
2,E72805203104873,15.0
3,E72805203078904,10.0
4,E72805203101263,10.0
5,E72805203095676,10.0
6,E72805203101264,10.0
7,E72805203105106,15.0
8,E72805200041153,15.0
9,E72805203078903,15.0
10,E72805200062292,150.0
11,E72805203078509,25.0
12,E72805203078925,45.0
13,E72805200039737,15.0
14,E72805203078632,25.0
15,E72805203095329,25.0
16,E72805203078626,15.0
17,E72805203080314,30.0
18,E72805203078623,25.0
19,E72805203078592,10.0
20,E72805203078781,10.0
21,E72805203080316,75.0
22,E72805203095712,25.0
23,E72805200040141,25.0
24,E72805203104542,10.0
25,E72805203078638,15.0
26,E72805200040414,10.0
27,E72805203078555,10.0
28,E72805203078562,10.0
29,E72805203078567,10.0
30,E72805203078560,10.0
31,E72805203078559,15.0
32,E72805203078581,15.0
33,E72805203078552,25.0
34,E72805203078571,15.0
35,E72805203078765,10.0
36,E72805203078772,10.0
37,E72805203078774,10.0
38,E72805203078780,10.0
39,E72805203078790,10.0
40,E72805200043672,25.0
41,E72805203078768,10.0
42,E72805200040564,10.0
43,E72805203101517,15.0
44,E72805203078694,15.0
45,E72805200042331,10.0
46,E72805200061583,15.0
47,E72805200043932,15.0
48,E72805203078778,10.0
49,E72805203078676,15.0
50,E72805200041656,15.0
51,E72805203078969,10.0
52,E72805203078970,10.0
53,tran_5435,15.0
54,E72805203078960,10.0
55,E102 90C,10.0
56,E72805203078974,15.0
57,E72805203080317,30.0
58,E72805203078978,100.0
59,E72805203078975,10.0
60,E72805203078961,25.0
61,E72805203078967,10.0
62,E72805203079834,15.0
63,E72805203079014,10.0
64,E72805203079005,10.0
65,E72805203079434,25.0
66,E72805203079045,10.0
67,E72805203079001,25.0
68,E72805203079009,25.0
69,E72805203079011,10.0
70,E72805203079008,10.0
71,E72805203079015,10.0
72,tran_87784,75.0
73,E72805200062691,15.0
74,E72805203078977,25.0
75,E72805203078980,10.0
76,E72805203078983,25.0
77,E72805203078988,10.0
78,E72805203078992,15.0
79,E72805203095585,10.0
80,E72805200048954,10.0
81,E72805203078998,10.0
82,E72805203078940,25.0
83,E72805203078945,25.0
84,E102 94,15.0
85,E72805203078947,25.0
86,E72805203078953,25.0
87,E7280520006236000,10.0
88,E72805203078700,10.0
89,E72805203078702,25.0
90,E72805203078706,10.0
91,E72805203078743,10.0
92,E72805203095270,10.0
93,E72805203078746,10.0
94,E72805203078740,10.0
95,E72805203080318,30.0
96,E72805200061166,25.0
97,E72805200042338,25.0
98,E72805203101518,15.0
99,E72805203078758,25.0
100,E72805203078760,25.0
101,E72805203078757,10.0
102,E72805203078752,10.0
103,E72805203078749,25.0
104,E102 108,15.0
105,E72805203078688,10.0
106,E72805203078730,25.0
107,E72805203078739,10.0
108,E72805203080319,10.0
109,E72805203078657,10.0
110,E72805203078662,25.0
111,E72805203078675,10.0
112,E72805203078683,25.0
113,E72805203078648,25.0
114,E72805200039877,37.5
115,E72805203078604,25.0
116,E72805203078612,25.0
117,E72805203078627,25.0
118,E72805203078517,25.0
119,E72805203078524,10.0
120,E72805203078550,150.0
121,E72805200042768,25.0
122,E72805203078597,15.0
123,E72805203078595,25.0
124,E72805203078607,25.0
125,E72805200060323,15.0
126,E72805203080310,75.0
127,E72805203080311,150.0
128,E72805203080300,25.0
129,E72805203080298,15.0
130,E72805203078545,15.0
131,E102 124C1,15.0
132,E72805203078539,15.0
133,E72805203078541,15.0
134,E72805203078935,15.0
135,E72805203078536,10.0
136,E72805203080309,15.0
137,E72805200041077,25.0
138,E72805203080302,675.0
139,E102 127,15.0
140,E72805203080291,25.0
141,E72805203078528,10.0
142,E72805200040179,10.0
143,E72805203078795,10.0
144,E72805203078794,10.0
145,E72805203078900,10.0
146,E72805203078906,10.0
147,E72805203078907,10.0
148,E72805203078910,10.0
149,E72805203078911,15.0
150,E72805203078916,15.0
151,E72805203078918,37.5
152,E72805203078806,15.0
153,E72805203078805,37.5
154,E72805200041369,25.0
155,E72805203078803,15.0
156,E72805203095110,10.0
157,E72805200041564,10.0
158,E72805203078799,10.0
159,E72805203095978,10.0
160,E102E 20,3.0
161,E72805203101831,10.0
162,E72805200060234,5.0
163,E72805203078797,10.0
164,E72805200042120,10.0
165,E72805203078808,10.0
166,E72805203078818,10.0
167,E72805200040201,10.0
168,E72805200061078,10.0
169,E72805203078800,10.0
170,E72805203078802,10.0
171,E72805203078828,10.0
172,E72805203078831,10.0
173,E72805200040601,15.0
174,E72805200040315,15.0
175,E72805203078835,10.0
176,E72805203078821,10.0
177,E72805203078820,10.0
178,E72805203095472,10.0
179,E72805200031065,10.0
180,E72805203105118,10.0
181,E72805200040189,10.0
182,E72805203097720,10.0
183,E72805203078859,10.0
184,E72805200039919,10.0
185,E72805203078841,10.0
186,E72805203078823,15.0
187,E72805203078849,10.0
188,E72805203078850,15.0
189,E72805200040154,15.0
190,E72805203095369,10.0
191,E72805203078839,10.0
192,E72805203078847,10.0
193,E72805203078840,10.0
194,E102E 52,25.0
195,E72805203078858,10.0
196,E72805203078816,25.0
197,E72805203078817,10.0
198,E72805203080289,100.0
199,E102E 11,15.0
200,E72805203078810,10.0
201,E72805203078812,15.0
202,E72805203078898,10.0
203,E72805203078896,10.0
204,E72805203101336,10.0
205,E72805203078891,10.0
206,E72805203078890,10.0
207,E72805203078895,10.0
208,E72805203095431,10.0
209,E72805200046216,10.0
210,E72805203078886,10.0
211,E72805203103784,25.0
212,E72805203078882,10.0
213,E72805203096553,10.0
214,E72805203078744,10.0
215,E72805203078893,15.0
216,E72805203078870,10.0
217,E72805203078872,15.0
218,E72805203078873,10.0
219,E72805203095735,10.0
220,E72805203078875,10.0
221,E72805203078876,10.0
222,E72805203078877,10.0
223,E72805203078880,10.0
224,E72805203078881,10.0
225,E72805203098777,225.0
226,E72805203078862,10.0
227,E72805203078863,25.0
228,E72805203078866,10.0
229,E72805203078867,37.5
230,E72805203078868,10.0
231,E72804503093394,10.0
232,E72804503093380,25.0
233,E72804500041097,10.0
234,E72804503093365,10.0
235,E72804503093383,10.0
236,E72804503093389,10.0
237,E72809603093393,10.0
238,E72804503098919,50.0
239,E72804500043157,15.0
240,E72804503093320,10.0
241,E72809600040328,15.0
242,E72809603093401,25.0
243,E72804503093330,25.0
244,E72804500039396,10.0
245,E72804500042788,15.0
246,E72809603093316,10.0
247,E72809603093317,15.0
248,E72804503093319,10.0
249,E103H 49E1,10.0
250,E72804503093325,10.0
251,E72809600043462,15.0
252,E72804503093323,50.0
253,E72809600042787,15.0
254,E72804503093104,10.0
255,E72804503093102,25.0
256,E72804503093100,10.0
257,E72804503093099,10.0
258,E72804500058113,10.0
259,E72809603093110,25.0
260,E72804503093109,10.0
261,E72809600039608,50.0
262,E72809603093105,10.0
263,E72804503093138,10.0
264,E72804503093122,10.0
265,E72809603093118,10.0
266,E72809603093129,10.0
267,E72804503093132,15.0
268,E72804503093127,10.0
269,E72804503093116,10.0
270,E72804503093112,10.0
271,E72804503093119,10.0
272,E72804503093136,15.0
273,E72804503097599,10.0
274,E72804503093139,10.0
275,E72809600043247,15.0
276,E72804500062601,10.0
277,E72804500060792,15.0
278,E72809600042792,15.0
279,E72809603093209,10.0
280,E72809603093106,10.0
281,E72809603093158,10.0
282,E72804503093170,15.0
283,E72804503093168,25.0
284,E103J 18,15.0
285,E103J 17,15.0
286,E72804503095262,10.0
287,E72804503093147,10.0
288,E72804503095419,10.0
289,E72809603093148,10.0
290,E72804503095936,10.0
291,E72804503093134,10.0
292,E72804503093180,10.0
293,E72804503093175,10.0
294,E72804503093179,10.0
295,E72804503093162,10.0
296,E72804503093145,10.0
297,E72804503093144,10.0
298,E72804503093152,10.0
299,E72804503093153,10.0
300,E72804503093202,10.0
301,E103J 45,15.0
302,E72804503093194,25.0
303,E72804503093189,15.0
304,E72804503093171,10.0
305,E72804503093173,10.0
306,E72804503093195,25.0
307,E72804503093196,15.0
308,E72804503093199,10.0
309,E72804503093183,15.0
310,E72804503093193,10.0
311,E72804503093225,50.0
312,E72809603093231,75.0
313,E103J 13X,15.0
314,E72804503093163,10.0
315,E72804503093169,10.0
316,E72804503093190,10.0
317,E72804503093192,15.0
318,E72804503096051,10.0
319,E72804503093133,10.0
320,E72809600040444,15.0
321,E103J 10X,15.0
322,E72804503093213,25.0
323,E72804500042791,10.0
324,E72804503092991,15.0
325,E72804503092992,10.0
326,E72804503092995,10.0
327,E72805203079104,10.0
328,E72805200040606,25.0
329,E72805203079128,15.0
330,E72805203080374,10.0
331,E72805200040265,10.0
332,E72805203080368,50.0
333,E72805203079097,15.0
334,E72805203079093,10.0
335,E72805203079091,10.0
336,E72805203079135,15.0
337,E72805203079112,25.0
338,E72805203079106,10.0
339,E72805200059220,15.0
340,E72805203102331,10.0
341,E72805203079111,50.0
342,E72805203079109,25.0
343,E72805203079161,15.0
344,E72805203079145,10.0
345,E72805203079144,10.0
346,E72805203079132,15.0
347,E72805203079134,15.0
348,E72805203079117,25.0
349,E103D 47,15.0
350,E103D 45,25.0
351,E72805200043325,15.0
352,E72805203097032,10.0
353,E72805203079212,10.0
354,E72805203079209,10.0
355,E72805203079207,15.0
356,E72805203079179,10.0
357,E72805203079153,15.0
358,tran_5799,15.0
359,E72805203080372,15.0
360,E72805203079240,10.0
361,E72805203101611,10.0
362,E72805203079238,10.0
363,E72805200042485,10.0
364,E72805200040788,10.0
365,E103D 52,15.0
366,E72805203079221,10.0
367,E103D 46,15.0
368,E72805203079219,10.0
369,E72805203079217,10.0
370,E72805203079232,10.0
371,E72805203079235,10.0
372,E72805203079201,10.0
373,E72805203079191,25.0
374,E72805200042877,10.0
375,E72805203079213,15.0
376,E72805203079182,10.0
377,E72805203079186,10.0
378,E72805203079185,10.0
379,E72805203079204,15.0
380,E72805203079200,15.0
381,E72805203079170,25.0
382,E72805200040916,25.0
383,E72805203079168,10.0
384,E72805203079175,10.0
385,E72805203079152,50.0
386,E72805203079151,10.0
387,E72805203079149,10.0
388,E72805203079162,10.0
389,E72805203079164,10.0
390,E72805203079148,10.0
391,E72805203079147,25.0
392,E72805203101612,10.0
393,E72805203079050,15.0
394,E72805203079398,10.0
395,E72805203079399,10.0
396,E72805203100818,10.0
397,E72805203079404,10.0
398,E72805203079400,25.0
399,E72805203079363,10.0
400,E72805203079359,15.0
401,E72805203079384,10.0
402,E72805203079391,15.0
403,E72805203079393,10.0
404,E72805203079058,10.0
405,E72805203079059,15.0
406,E72805203079052,15.0
407,E72805203079056,10.0
408,E72805203079057,10.0
409,E72805200042299,10.0
410,E72805203080376,30.0
411,E72805203079355,10.0
412,E72805203079410,10.0
413,E72805203079073,10.0
414,E72805203079070,15.0
415,E72805203079069,10.0
416,E72805203079067,15.0
417,E72805203079068,10.0
418,E72805203102639,10.0
419,E72805203079064,10.0
420,E72805203079066,5.0
421,E72805203096474,10.0
422,E72805203079061,10.0
423,E72805203079060,100.0
424,E72805203079071,15.0
425,E72805203095194,10.0
426,E72805203078889,15.0
427,E72805203079072,15.0
428,E72805203079074,15.0
429,E72805203079062,10.0
430,E72805203079063,10.0
431,E72805200061921,10.0
432,E72805203079327,10.0
433,E72805203079320,10.0
434,E72805203095243,10.0
435,E72805203079331,10.0
436,E103 18 V1,15.0
437,E72805203079075,10.0
438,E72805203079053,10.0
439,E72805203079054,10.0
440,E72805203079243,10.0
441,E72805203079245,10.0
442,E72805203079250,10.0
443,E72805203079309,10.0
444,E72805200038951,10.0
445,E72805203079314,10.0
446,E72805203079323,10.0
447,E72805203095875,10.0
448,E72805200043111,15.0
449,E72805203079263,10.0
450,E72805203079260,10.0
451,E72805203079257,10.0
452,E72805203104541,10.0
453,E72805203079255,10.0
454,E72805203079253,10.0
455,E72805203079158,15.0
456,E72805203104879,10.0
457,E72805203079282,10.0
458,E72805200039671,10.0
459,E72805203095979,10.0
460,E72805203095517,15.0
461,E72805203079266,10.0
462,E72805203095963,10.0
463,E72805203097994,10.0
464,tran_22461,15.0
465,E72805203079297,10.0
466,E72805203079286,10.0
467,E72805203079291,10.0
468,tran_4744,15.0
469,E72805203079289,10.0
470,E72805203079287,10.0
471,E72805203079284,50.0
472,E72805203105108,10.0
473,E72805203097925,10.0
474,E72805203079296,50.0
475,E72805203079299,10.0
476,E72805203105217,15.0
477,E72805203079308,10.0
478,E72805203105197,10.0
479,E72805203095833,10.0
480,E72805203079274,10.0
481,E72805203079272,10.0
482,E103C 39,15.0
483,E72805203079280,15.0
484,E72805203079312,10.0
485,E72805203079321,10.0
486,E72805203079311,10.0
487,E72805203079310,10.0
488,E72805203079259,10.0
489,E72805203079264,10.0
490,E72805203079329,10.0
491,E72805203079325,10.0
492,E72805203079326,10.0
493,E72805203079313,10.0
494,E72805203079317,10.0
495,E72805203080378,25.0
496,E72805203079081,15.0
497,E72805203100400,10.0
498,E72805203079080,10.0
499,E72805203079085,15.0
500,E72805203079087,15.0
501,E72805203079088,15.0
502,E72805203079089,25.0
503,E72805203079078,25.0
504,E72805203105075,15.0
505,E72805200063401,25.0
506,E72805203079079,10.0
507,E103B 16 V1,100.0
508,E103B 18A,100.0
509,E72805203080380,100.0
510,E72805203079133,10.0
511,E72805203080370,10.0
512,E72805203079141,10.0
513,E72805203079086,50.0
514,E72805200048554,10.0
515,E72805203095263,10.0
516,E72805203079077,10.0
517,E72805203079076,15.0
518,E72804503092989,10.0
519,E103F 7A V2,15.0
520,E103F 7A V1,15.0
521,E72804503093005,10.0
522,E72809603093004,25.0
523,E72804503080367,10.0
524,E72804500059579,15.0
525,E72804500064006,15.0
526,E72804503093039,50.0
527,E72804503080381,15.0
528,E72804503093030,10.0
529,E72809603093023,10.0
530,E72804503093020,10.0
531,E72809603093016,15.0
532,E72804503093013,15.0
533,E72804503100771,15.0
534,E72804503093083,10.0
535,E72804503093077,15.0
536,E72804503093075,10.0
537,E72804503093076,10.0
538,E72804503093073,10.0
539,E72804503093062,10.0
540,E72804503093054,10.0
541,E72809603093300,10.0
542,E72804503093294,10.0
543,E72804503093291,25.0
544,E72804503093286,10.0
545,E72804503093280,25.0
546,E72804503093277,10.0
547,E72809600042789,25.0
548,E72804503093302,15.0
549,E72804503093304,10.0
550,E72809603093306,25.0
551,E72804503093309,10.0
552,E72809600040092,15.0
553,E72804503093315,25.0
554,E103F 47,15.0
555,E72804503093283,25.0
556,E72809600050635,10.0
557,E72809603093093,25.0
558,E72804503093072,10.0
559,E72804500060071,15.0
560,E72804503093084,10.0
561,E72804503093085,10.0
562,E72804503093022,10.0
563,E72804503093033,10.0
564,E72804503093038,25.0
565,E72809603093043,15.0
566,E72804503093049,25.0
567,E72809603093008,10.0
568,E72804503093018,15.0
569,E103F 19A,25.0
570,E72809600042790,10.0
571,E103F 23,10.0
572,E72809603093336,15.0
573,E72809600039719,10.0
574,E72804503093097,10.0
575,E72804500063287,10.0
576,E72809600041497,15.0
577,E72804500042714,10.0
578,E72804503093002,10.0
579,E72809603093360,10.0
580,E72804503093350,25.0
581,E72804503104935,10.0
582,E72804503093331,15.0
583,E72804503096515,10.0
584,E72804503093333,10.0
585,E103H 63 1 V2C,50.0
586,E103H 63 1 V2D,25.0
587,tran_93236,25.0
588,E103H 63 1 V2C1,50.0
589,E72804503093098,50.0
590,E103H 63 1 V1D,50.0
591,E103H 63 1 V2A,50.0
592,E103H 63 1 V1A,50.0
593,E72804503093349,10.0
594,E103H 59,10.0
595,E72804500040537,10.0
596,E72804503093340,15.0
597,E72804503093342,10.0
598,E72804503093379,10.0
599,E72809600041108,15.0
600,E72804503093361,15.0
601,E72804503093358,15.0
602,E103H 63 1 V1C,50.0
603,E103H 63 1 V1B,50.0
604,E72805103080331,25.0
605,E72805103080326,10.0
606,E72805103080327,10.0
607,E72805103080329,50.0
608,E72805103080064,15.0
609,E72805103080063,50.0
610,E72805103080065,15.0
611,E72805103080068,10.0
612,E72805103080066,10.0
613,E72805103080325,10.0
614,E72805103080114,15.0
615,E72805100045354,15.0
616,E72805103080062,10.0
617,E72805103080067,5.0
618,E72805103080080,37.5
619,E72805103080103,10.0
620,E72805103080079,10.0
621,E72805103095428,37.5
622,E72805103080107,10.0
623,E72805103080072,15.0
624,E72805100038638,10.0
625,E72805103080069,15.0
626,E72805103080113,10.0
627,E72805103080089,25.0
628,E72805100063818,10.0
629,E72805103080110,10.0
630,E72805103080106,15.0
631,E72805100040251,10.0
632,E72805103080099,10.0
633,E72805103080322,30.0
634,E100 134K1,100.0
635,E72805103100333,25.0
636,E72805103080081,50.0
637,E72805103080070,10.0
638,E72805103080137,10.0
639,E72805100040280,10.0
640,E72805103080324,45.0
641,E72805103080157,10.0
642,E72805103080149,5.0
643,E72805100040585,37.5
644,E72805100040436,37.5
645,E72805103080236,10.0
646,E72805103080228,10.0
647,E72805103080230,25.0
648,E72805103102186,15.0
649,E72805103079864,10.0
650,E72805100040038,10.0
651,E72805100050235,15.0
652,E72805100041504,10.0
653,E72805103079926,25.0
654,E100B 29X,25.0
655,E72805100063655,10.0
656,E72805103079925,10.0
657,E72805103097903,10.0
658,E72805103079916,10.0
659,E72805103079888,10.0
660,E72805103095507,10.0
661,E72805103095071,10.0
662,E72805103079920,25.0
663,E72805103079924,10.0
664,E72805103079931,10.0
665,E72805103095257,37.5
666,E72805100040549,15.0
667,E72805103079929,10.0
668,E72805103079893,15.0
669,E72805103079909,75.0
670,E72805103079912,10.0
671,tran_5951,15.0
672,E72805103095196,10.0
673,E72805103079922,10.0
674,E72805103079917,10.0
675,E72805103079915,15.0
676,E72805103079903,15.0
677,E72805100043100,25.0
678,E72805100058453,10.0
679,E72805103079895,15.0
680,E72805103079878,10.0
681,E72805103079880,10.0
682,E72805103079889,25.0
683,E100B 11CX,15.0
684,E72805103079885,10.0
685,E72805100060921,25.0
686,E72805100060415,15.0
687,E72805103079882,10.0
688,E72805103079843,15.0
689,E72805100041445,15.0
690,E100B 11F,10.0
691,E72805103079899,10.0
692,E72805103079879,10.0
693,E72805103079873,10.0
694,E72805103079874,10.0
695,E72805103079875,10.0
696,E72805103097821,15.0
697,E72805200053534,25.0
698,E72805200062070,15.0
699,E72805203095536,37.5
700,tran_5736,15.0
701,E72805203098288,25.0
702,E72805203079475,15.0
703,E72805203079468,25.0
704,tran_93057,50.0
705,E72805200040726,25.0
706,E72805203101337,10.0
707,E72805203079446,10.0
708,E72805203079443,10.0
709,E72805203079442,10.0
710,E72805203079441,10.0
711,E72805203079439,25.0
712,E72805203079440,10.0
713,E72805200041170,10.0
714,E72805203079449,10.0
715,E72805203079450,10.0
716,E72805203079467,10.0
717,E72805203097904,15.0
718,E72805203079444,15.0
719,E72805203079452,15.0
720,E72805203079453,10.0
721,E72805200062112,75.0
722,E72805203079451,10.0
723,E72805203079448,10.0
724,E72805203079447,10.0
725,E72805200042850,10.0
726,E72805203079423,10.0
727,E72805203079429,10.0
728,E72805203079430,15.0
729,E72805203079432,45.0
730,E72805203079433,10.0
731,E72805203079438,10.0
732,E72805203079037,10.0
733,E72805203079032,10.0
734,E72805203079030,10.0
735,E72805203079026,10.0
736,E72805203079024,15.0
737,E72805203079342,10.0
738,E72805203079353,37.5
739,E72805203079413,15.0
740,E72805203079042,10.0
741,E72805200041316,10.0
742,E72805203079043,10.0
743,E102C 45X V3,15.0
744,E72805200041958,10.0
745,E72805203104940,15.0
746,E72805203079039,10.0
747,E72805203095872,10.0
748,E72805203079020,100.0
749,E72805203100643,10.0
750,E72805203079029,10.0
751,E72805203079034,10.0
752,E72805203079036,10.0
753,E72805203079341,15.0
754,E72805203079338,15.0
755,E72805200039419,10.0
756,E72805203079019,50.0
757,E72805200043633,25.0
758,E72805203079427,10.0
759,E72805200042194,10.0
760,E72805200061245,167.0
761,E72805203079419,15.0
762,E72805200040252,10.0
763,E72805203079348,25.0
764,E102B 4E V2,15.0
765,E72805203100650,15.0
766,E72805203079378,15.0
767,E72805203079408,10.0
768,E72805203079416,10.0
769,E72805203079424,10.0
770,E72805203079428,15.0
771,tran_75249,15.0
772,E72805203079396,10.0
773,E72805203079395,10.0
774,E72805203079394,10.0
775,E72805203079389,10.0
776,E72805203079360,25.0
777,E72805203079357,25.0
778,E72805203079796,10.0
779,E72805203079795,15.0
780,E72805203079801,10.0
781,E72805203079780,25.0
782,E72805203079779,10.0
783,E72805203079781,25.0
784,E72805200040661,15.0
785,E72805203079753,15.0
786,E72805203079754,10.0
787,E72805203079755,15.0
788,E72805203079760,10.0
789,E72805200040351,15.0
790,E72805203079768,10.0
791,E72805200039863,10.0
792,E72805203079734,25.0
793,E72805203079741,15.0
794,E72805203079746,15.0
795,E72805200040354,10.0
796,E72805103079860,10.0
797,E72805103079839,15.0
798,E72805103079838,25.0
799,E72805103079837,10.0
800,E72805103095651,10.0
801,E72805103079836,10.0
802,E72805203079731,50.0
803,E72805103079852,10.0
804,E72805103079846,10.0
805,E72805103079844,15.0
806,E72805103079840,10.0
807,E72805103079853,10.0
808,E72805103079855,25.0
809,E72805103079857,10.0
810,E72805103079858,10.0
811,E72805103080245,10.0
812,E72805100047835,10.0
813,E72805100055115,15.0
814,E72805100061440,10.0
815,E72805103080281,10.0
816,E100 90 V1,15.0
817,E72805103080283,10.0
818,E72805103080285,10.0
819,E72805103079866,25.0
820,E72805103079841,10.0
821,E72805103095753,30.0
822,E72805103080234,25.0
823,E72805103080242,10.0
824,E72805100041944,10.0
825,E72805103080237,10.0
826,E72805103080243,10.0
827,E72805103080247,15.0
828,E72805100040031,10.0
829,E72805103080165,10.0
830,E72805103080225,10.0
831,E72805103097598,10.0
832,E72805103080224,10.0
833,E72805103080219,10.0
834,E72805103080211,15.0
835,E72805103080227,10.0
836,E72805100041866,10.0
837,E100C 18,10.0
838,E72805103095265,10.0
839,E72805103079938,10.0
840,E72805100040225,10.0
841,E72805100043773,10.0
842,E72805100038817,10.0
843,E72805103080173,10.0
844,E72805103080174,10.0
845,E72805103080172,10.0
846,E72805103080167,15.0
847,E72805103079966,10.0
848,E72805103079968,15.0
849,E72805103079971,25.0
850,E72805103079981,15.0
851,E72805103079979,10.0
852,E72805100039564,15.0
853,E72805103079961,10.0
854,E72805103105164,10.0
855,E72805100042603,25.0
856,E72805103101112,10.0
857,E72805103079965,10.0
858,E72805103079964,10.0
859,E72805100063821,10.0
860,E72805100039784,10.0
861,E72805103079945,10.0
862,E72805100060475,10.0
863,E72805103079949,15.0
864,E72905103079956,10.0
865,E72805103079941,25.0
866,E72805103079942,15.0
867,E72805103096312,15.0
868,E72805100043887,15.0
869,E100C 15 V1,15.0
870,E72805103079940,10.0
871,E72805100040318,15.0
872,E72805100061165,15.0
873,E100D 2B,15.0
874,E72805103080156,10.0
875,E72805103080170,10.0
876,E72805103080176,50.0
877,E72805103080208,10.0
878,E72805103080212,15.0
879,E72805100063057,10.0
880,E72805103080198,10.0
881,E72805103100925,10.0
882,E72805100041705,10.0
883,E72805103080197,10.0
884,E72805100041715,10.0
885,E72805103080180,10.0
886,E72805103080163,25.0
887,E72805103080273,10.0
888,E72805103080266,10.0
889,E72805103080251,10.0
890,E100D 38F1,10.0
891,E100D 38F1 V1,25.0
892,E72805100060570,50.0
893,tran_30014,50.0
894,E100D 38B,15.0
895,E72805103080257,15.0
896,E72805103080262,15.0
897,E72805103080269,10.0
898,E72805103080271,15.0
899,E72805103080147,25.0
900,E72805103080276,10.0
901,E72805103080279,25.0
902,E72805103080275,10.0
903,E72805103096045,15.0
904,E72805103080209,25.0
905,E72805103080205,10.0
906,E72805103080206,10.0
907,E72805103080258,25.0
908,E72805103080252,10.0
909,E72805103080253,15.0
910,E72805103080259,15.0
911,E72805103080182,15.0
912,E72805103104966,10.0
913,E72805103080189,10.0
914,E72805103080202,10.0
915,E72805103080150,10.0
916,E72805103080155,50.0
917,E72805103080161,10.0
918,E72805103080320,30.0
919,E72805103080181,10.0
920,E72805103080185,15.0
921,E72805103080091,25.0
922,tran_6043,15.0
923,E72805103080096,15.0
924,E72805103080095,25.0
925,E72805103080097,10.0
926,E72805103080094,25.0
927,E72805103080092,25.0
928,E72805100050614,10.0
929,E72805103080141,15.0
930,E72805103080145,10.0
931,E72805100040509,15.0
932,E72805103095437,10.0
933,E72805103080138,25.0
934,E72805100039638,15.0
935,E72805103080090,15.0
936,E72805103079995,10.0
937,E72805103079988,15.0
938,E72805100039416,15.0
939,E72805103079990,10.0
940,E72805103079991,10.0
941,E72805103095321,10.0
942,E72805103104905,15.0
943,E100F 11,15.0
944,E72805103097973,10.0
945,E72805100039770,10.0
946,E72805103080045,15.0
947,E72805103080044,10.0
948,E72805100042412,10.0
949,E72805103080035,10.0
950,E72805103080030,10.0
951,E72805103080024,15.0
952,E72805103079999,10.0
953,E72805100043645,10.0
954,E72805100041872,10.0
955,E72805103080060,10.0
956,E72805103080058,10.0
957,E72805103080056,10.0
958,E72805100038651,15.0
959,E72805103080055,10.0
960,E72805103080051,25.0
961,E72805100062069,10.0
962,E72805100041708,10.0
963,E72805103080047,10.0
964,E72805103080038,10.0
965,E72805100055075,15.0
966,E72805100040137,10.0
967,E72805103080059,10.0
968,E72805103080025,15.0
969,E72805103080037,15.0
970,E72805103095325,10.0
971,E72805103080009,25.0
972,E72805103080012,10.0
973,E72805103080013,10.0
974,E72805103080017,10.0
975,E72805103080130,10.0
976,E72805103080131,10.0
977,E72805103080134,10.0
978,E100F 3,37.5
979,E72805103102219,10.0
980,E72805100041289,10.0
981,E72805103079996,25.0
982,E72805103080328,15.0
983,E72805103080330,25.0
984,E72805103080323,30.0
985,E72805103102330,10.0
986,E72805103080115,15.0
987,E72805103080118,15.0
988,E72805103080122,10.0
989,E72805103105046,10.0
990,E72805103080128,10.0
991,E72805103080125,15.0
992,E72805100050297,10.0
993,E72805003080961,15.0
994,E101 59,15.0
995,E72805003081265,10.0
996,E72805000042059,10.0
997,E72805003081264,10.0
998,E7280500583366,25.0
999,E72805003081263,10.0
1000,E72805003081270,10.0
1001,E72805003081274,10.0
1002,E72805003081272,15.0
1003,E72805003081276,10.0
1004,E101C 2 V1,25.0
1005,E72805003081253,10.0
1006,E72805003081255,10.0
1007,E72805000041426,10.0
1008,E72805003081257,10.0
1009,E72805003081261,15.0
1010,E72805003081260,10.0
1011,E72805003081262,15.0
1012,E72805000042964,10.0
1013,E72805003081082,10.0
1014,tran_91201,10.0
1015,E72805003081081,25.0
1016,E72805003081078,10.0
1017,E72805003081137,10.0
1018,E72805003081243,10.0
1019,E72805003081247,10.0
1020,E72805003081250,10.0
1021,E72805003081249,10.0
1022,E72805003081251,10.0
1023,E72805000040319,10.0
1024,E72805003081135,10.0
1025,E72805003081100,10.0
1026,E72805003081092,10.0
1027,E72805003081088,10.0
1028,E72805003081086,10.0
1029,E101D1 4,10.0
1030,E72805003081079,10.0
1031,E72805003081120,15.0
1032,E72805003081122,10.0
1033,E72805003081117,10.0
1034,E72805003081114,15.0
1035,E72805003081111,10.0
1036,E72805003081109,15.0
1037,E72805003081128,10.0
1038,E72805003081102,10.0
1039,E72805003081097,10.0
1040,E72805003081131,15.0
1041,E72805003081106,10.0
1042,E72805003081119,10.0
1043,E72805003081071,10.0
1044,E72805003081084,15.0
1045,E72805003105034,10.0
1046,E72805003095992,10.0
1047,E72805003081075,10.0
1048,E72805003100926,25.0
1049,E72805003081059,25.0
1050,E72805003081061,10.0
1051,E72805003081066,10.0
1052,E72805000045695,10.0
1053,E72805003081065,25.0
1054,E72805000038559,10.0
1055,E72805003105013,15.0
1056,E101D 39 1 V3,25.0
1057,E72805003099482,15.0
1058,E72805003081067,15.0
1059,E72805003081068,25.0
1060,E72805003095383,15.0
1061,E72805003100928,10.0
1062,E72805003098658,10.0
1063,E72805003104880,10.0
1064,E72805003095185,25.0
1065,E72805003100654,10.0
1066,E101D 46C2,10.0
1067,E72805003081141,15.0
1068,E72805003081176,15.0
1069,E72805003081174,15.0
1070,E72805000063423,15.0
1071,E72805003081171,10.0
1072,E72805003101832,10.0
1073,E72805003081150,10.0
1074,E101C 43 V1,15.0
1075,E72805003081145,10.0
1076,E72805003081143,15.0
1077,E72805003081142,10.0
1078,E72805000039723,15.0
1079,E72805003081193,10.0
1080,E72805003081203,10.0
1081,E72805000040875,10.0
1082,E72805003103024,15.0
1083,E101C 71A1 V3,15.0
1084,E72805003105111,15.0
1085,E72805003103025,15.0
1086,E72905003081200,25.0
1087,E72905003081199,15.0
1088,E72805003081191,10.0
1089,E72805003081181,10.0
1090,E72805003081184,10.0
1091,E72805003081188,15.0
1092,E72805003081192,10.0
1093,E72805003081211,10.0
1094,E72805003081152,10.0
1095,E72805003081172,10.0
1096,E72805003081179,10.0
1097,E72805003081173,10.0
1098,E72805000042742,10.0
1099,E101C1 36,15.0
1100,E72805003095935,15.0
1101,E72805003081228,10.0
1102,E101C1 21A,15.0
1103,E72805000039763,10.0
1104,E72805003081239,10.0
1105,E72805003081238,10.0
1106,E72805000040101,10.0
1107,E72805003081221,10.0
1108,E72805003095923,10.0
1109,E72805003081209,10.0
1110,tran_6155,15.0
1111,E72805003095116,10.0
1112,E72805000062413,10.0
1113,E72805003081212,10.0
1114,E72805003081169,10.0
1115,E72805000044187,10.0
1116,E72805003081151,10.0
1117,E72805003081165,10.0
1118,E72805003081161,10.0
1119,E72805003081160,15.0
1120,E72805000062566,10.0
1121,E72805003081146,10.0
1122,E72805003081140,10.0
1123,E72805003081148,10.0
1124,E72805003081159,37.5
1125,E72805003081155,10.0
1126,E72805003095885,10.0
1127,E72805003081248,10.0
1128,E72805003081246,15.0
1129,E72805203079532,10.0
1130,E72805203079508,15.0
1131,E72805203079514,15.0
1132,E72805203079499,25.0
1133,E72805203079483,10.0
1134,E72805200040981,10.0
1135,E72805203079478,10.0
1136,E72805203079477,10.0
1137,E72805203097976,10.0
1138,E72805200059988,50.0
1139,tran_93058,50.0
1140,E72805200043768,15.0
1141,E100A 3 V5,15.0
1142,E100A 3 V2,15.0
1143,E72805200041661,15.0
1144,E72805200060416,10.0
1145,E72805203079727,75.0
1146,E100 35,45.0
1147,E72805203079481,10.0
1148,E72805200053593,10.0
1149,E72805203079480,10.0
1150,E72805203098768,10.0
1151,E72805200039411,10.0
1152,E72805203079757,10.0
1153,E72805203079758,10.0
1154,E72805203079744,15.0
1155,E72805203102326,15.0
1156,E72805203096338,10.0
1157,E72805203079733,10.0
1158,E72805203079732,15.0
1159,E72805200044068,10.0
1160,E100A 3 V3,15.0
1161,tran_2550,15.0
1162,E72805203079764,15.0
1163,E100A 22,10.0
1164,E72805203104109,10.0
1165,E72805203079761,10.0
1166,E72805203079756,10.0
1167,E72805200060752,10.0
1168,E72805200040775,10.0
1169,E72805203079800,10.0
1170,E72805203079797,10.0
1171,E72805203079772,167.0
1172,E72805203079775,10.0
1173,E72805200043731,10.0
1174,E72805200042463,10.0
1175,E72805203102327,15.0
1176,E72805203102364,15.0
1177,E72805200040180,15.0
1178,E72805203079822,10.0
1179,E72805203079816,15.0
1180,E72805203079813,10.0
1181,E72805203079814,15.0
1182,E72805203079811,10.0
1183,E72805203079809,10.0
1184,E72805203079812,10.0
1185,E72805203079817,10.0
1186,E72805203099987,15.0
1187,E72805203079818,15.0
1188,E72805203079820,15.0
1189,E72805203079832,15.0
1190,E72805203079831,15.0
1191,E72805203079828,15.0
1192,E72805200038561,15.0
1193,E101A 48 V1,25.0
1194,E72805203079692,10.0
1195,E72805203079681,10.0
1196,E72805200063882,10.0
1197,E72805203079677,50.0
1198,E72805203079680,10.0
1199,E72805203079560,10.0
1200,E72805203079666,10.0
1201,E72805203079675,10.0
1202,E72805203096341,10.0
1203,E72805203079591,15.0
1204,E72805203079588,10.0
1205,E72805203095538,15.0
1206,E72805203079577,10.0
1207,E72805203097034,10.0
1208,E72805203079570,10.0
1209,E72805200040493,10.0
1210,E72805203079563,100.0
1211,E72805203079561,10.0
1212,E72805203101265,25.0
1213,E72805203079656,10.0
1214,E72805203079655,10.0
1215,E72805203079652,10.0
1216,E72805203079654,10.0
1217,E72805203079658,10.0
1218,E72805203079662,10.0
1219,E72805203095859,10.0
1220,E72805203103932,10.0
1221,E72805203079599,10.0
1222,E72805203079594,15.0
1223,E72805203079593,25.0
1224,E72805200057098,15.0
1225,E72805200042671,10.0
1226,E72805200048095,15.0
1227,E72805200039785,10.0
1228,E72805200042418,10.0
1229,E72805203079657,10.0
1230,E72805203079651,10.0
1231,E72805203079650,10.0
1232,E72805203079649,10.0
1233,E72805203079638,10.0
1234,E72805203079625,10.0
1235,E72805203079624,15.0
1236,E72805203079616,15.0
1237,E72805203079607,10.0
1238,E72805200042487,10.0
1239,E72805203079629,15.0
1240,E72805203079632,10.0
1241,E72805203079633,10.0
1242,E72805203079639,15.0
1243,E72805203079609,10.0
1244,E72805203079608,10.0
1245,E72805203079610,15.0
1246,E72805203079614,10.0
1247,E72805203079615,25.0
1248,E72805203079617,10.0
1249,E72805203079581,10.0
1250,E72805203079583,10.0
1251,E72805200043670,15.0
1252,E72805203079596,15.0
1253,E72805203079606,10.0
1254,E72805203079605,10.0
1255,E72805203079562,15.0
1256,E72805203079566,10.0
1257,E72805203709569,10.0
1258,E72805203079571,10.0
1259,E72805203079573,10.0
1260,E72805203079575,10.0
1261,E72805003080967,50.0
1262,E72805000043625,10.0
1263,E72805003096788,10.0
1264,E72805000062158,15.0
1265,E72805003080964,10.0
1266,E72805203095511,15.0
1267,E101B 2X,10.0
1268,E72805003080995,10.0
1269,E72805003080984,15.0
1270,E72805003080980,10.0
1271,E72805003080979,50.0
1272,E72805003080978,10.0
1273,E72805003080970,10.0
1274,E72805003080968,10.0
1275,E72805003080332,112.5
1276,E72805000040977,15.0
1277,E72805003095022,15.0
1278,E72805003080998,25.0
1279,E72805003095111,15.0
1280,E72805003080988,25.0
1281,E72805003081014,10.0
1282,E72805000043127,10.0
1283,E72805003081004,10.0
1284,E72805000054414,10.0
1285,E72805003081003,15.0
1286,E72805000063747,25.0
1287,E101 85A V2,25.0
1288,E72805000054636,25.0
1289,E72805000049273,10.0
1290,E72805003081047,25.0
1291,E72805003081036,25.0
1292,E72805003081026,15.0
1293,E72805003081022,10.0
1294,E72805003081020,10.0
1295,E72805003081017,10.0
1296,E72805003081009,10.0
1297,E72805003081057,10.0
1298,E72805003081058,10.0
1299,E72805003081055,15.0
1300,E72805003081054,10.0
1301,E72805003081044,10.0
1302,E72805003081051,10.0
1303,E72805003081048,50.0
1304,E72805003081027,10.0
1305,E72805003081012,10.0
1306,E72805003081015,10.0
1307,E72805003081049,150.0
1308,E72805003081295,10.0
1309,E72805003081298,10.0
1310,E72805003081291,15.0
1311,E72805003081289,25.0
1312,E72805003081287,10.0
1313,E72805003081006,15.0
1314,E72805003081306,15.0
1315,E72805003081302,15.0
1316,E72805003081304,10.0
1317,E72805003081307,10.0
1318,E72805003081300,50.0
1319,E72805003081297,15.0
1320,E72805003081368,15.0
1321,E72805003081366,25.0
1322,E72805003081365,10.0
1323,E72805003081325,10.0
1324,E72805003081317,10.0
1325,E72805003081314,15.0
1326,E72805000040343,10.0
1327,E72805003081312,10.0
1328,E72805003081335,15.0
1329,E72805003081356,15.0
1330,E72805003081359,10.0
1331,E72805003081362,15.0
1332,E72805003081364,15.0
1333,E72805003081367,15.0
1334,E72805003081326,15.0
1335,E72805003081329,25.0
1336,E101E 33,25.0
1337,E72805003081333,10.0
1338,E72805000062745,15.0
1339,E72805003081321,15.0
1340,E72805003081310,10.0
1341,E72805003081320,15.0
1342,E72805003081319,10.0
1343,E72805003097992,10.0
1344,E72805003081324,10.0
1345,E72805000039488,25.0
1346,E72805003081372,10.0
1347,E72805003095466,10.0
1348,E72805003081318,10.0
1349,E72805000039954,10.0
1350,E72805003081308,10.0
1351,E72805000054653,10.0
1352,E101E 6,10.0
1353,E72805000039829,15.0
1354,E72805000042954,15.0
1355,E72805003100174,15.0
1356,E72805003081383,15.0
1357,E72805003081379,10.0
1358,E72805003081380,15.0
1359,E72805003081375,15.0
1360,E72805003081377,10.0
1361,E72805003081311,10.0
1362,E72805003081406,15.0
1363,E72805000040156,15.0
1364,E72805003095244,15.0
1365,E72805003081400,25.0
1366,E72805003081396,10.0
1367,E72805003081395,15.0
1368,E72805003081391,15.0
1369,E72805003081393,10.0
1370,E72805003081386,10.0
1371,E72805003081418,10.0
1372,E72805003081419,10.0
1373,E72805003081416,15.0
1374,E72805003081415,10.0
1375,E72805003081410,15.0
1376,E72805003081409,10.0
1377,E72805003081408,15.0
1378,E72805003081420,10.0
1379,E72805003081423,10.0
1380,E72805003081381,15.0
1381,E72805003081398,10.0
1382,E72805003081401,10.0
1383,E72805003080974,15.0
1384,E72805003080975,10.0
1385,E72805003080976,10.0
1386,E72805003080997,10.0
1387,E72805003081000,10.0
1388,E72805203079454,10.0
1389,E72805203103504,10.0
1390,E72805203079474,10.0
1391,E72805200061408,10.0
1392,E72805203079473,10.0
1393,E72805203079472,10.0
1394,E72805203079471,10.0
1395,E72805203079458,25.0
1396,E72805203079464,15.0
1397,E72805203105067,25.0
1398,E72805203079460,25.0
1399,E72805203079455,37.5
1400,E72805200040510,15.0
1401,E72805203079498,15.0
1402,E72805200043693,15.0
1403,EP03661,15.0
1404,E72805203079495,25.0
1405,E72805203079493,10.0
1406,E72805203079486,10.0
1407,E72805203079489,15.0
1408,E72805203079482,10.0
1409,E72805203079531,10.0
1410,E72805203079542,10.0
1411,E72805200059449,10.0
1412,E72805203079530,25.0
1413,E72805203079526,10.0
1414,E72805200043584,10.0
1415,E72805203079522,10.0
1416,E72805203079496,10.0
1417,E72805203079494,10.0
1418,E72805203079669,10.0
1419,E72805203079673,10.0
1420,E101A 4A,10.0
1421,E72805203079555,10.0
1422,E101 47,10.0
1423,E72805203079546,15.0
1424,E72805203079545,10.0
1425,E72805200040244,10.0
1426,E72805203079539,10.0
1427,E72805200040185,10.0
1428,E72805200040369,10.0
1429,E72805203095524,10.0
1430,E72805203079707,10.0
1431,E72805203079706,15.0
1432,E72805203079712,10.0
1433,E72805203079676,10.0
1434,E72805203079674,10.0
1435,E72805203079668,10.0
1436,E72805203079718,15.0
1437,E72805203079717,15.0
1438,E72805200040107,10.0
1439,E72805200042349,10.0
1440,E72805203079710,10.0
1441,E72805203095760,10.0
1442,E72805203095312,10.0
1443,E72805203079711,10.0
1444,E72805203079722,10.0
1445,E72805203079721,15.0
1446,E72805203079684,10.0
1447,E72805203079679,37.5
1448,E72805203096337,15.0
1449,E72805203079694,15.0
1450,E72805203079700,15.0
1451,E72805203079704,15.0
